{"min_": [-0.07760914315832129], "scale_": [1.5613046023402155e-05]}